Marker1,Marker2,Marker3,Marker4,Marker5,Trait
2,1,2,2,1,23.47
0,1,2,2,0,3.61
2,2,2,0,0,14.51
2,1,2,0,2,9.09
0,0,0,0,0,0.75
0,0,2,1,2,-0.0
2,0,1,0,2,6.85
1,2,1,2,1,18.39
2,1,2,0,1,7.68
2,0,2,2,1,17.5
2,2,1,1,2,19.71
2,1,1,2,1,20.8
0,2,0,2,0,12.48
2,0,1,0,0,7.29
1,0,1,0,2,-0.56
0,0,2,2,2,2.94
1,2,1,0,1,5.89
1,2,0,1,2,18.94
1,0,1,1,2,7.15
1,2,2,0,0,7.51
0,0,2,1,0,-0.68
0,0,1,0,1,-1.41
1,1,2,2,2,19.39
1,2,0,2,2,18.1
0,0,0,1,0,2.05
0,0,1,0,2,-0.41
0,2,1,0,0,-3.58
2,1,1,1,1,15.19
2,1,2,2,0,15.88
2,0,0,1,2,11.02
1,2,0,2,1,20.52
2,1,2,0,0,9.16
1,2,0,2,0,13.59
1,2,1,1,1,11.06
2,0,1,0,1,-0.66
1,1,1,1,0,10.88
2,0,0,1,2,14.85
2,1,1,2,0,16.62
0,1,2,1,1,4.62
2,1,2,2,0,13.15
0,1,0,0,1,0.1
2,1,2,2,1,18.25
2,2,2,0,2,9.93
0,0,0,2,1,7.81
0,2,1,1,1,6.31
2,1,1,2,2,17.77
1,0,1,2,1,9.9
0,1,0,0,2,0.88
1,0,2,1,2,5.91
1,2,1,2,1,15.12
1,0,1,1,1,7.05
0,0,0,2,0,5.81
1,0,1,2,2,6.4
0,0,0,1,0,6.74
1,0,2,2,1,10.5
2,1,0,1,0,23.87
2,0,0,2,2,14.87
0,0,0,0,0,-0.63
2,2,0,1,2,19.61
2,0,2,2,1,16.97
1,2,2,2,1,13.48
0,1,1,0,2,-2.51
1,0,2,1,1,8.62
1,2,2,2,1,14.05
1,2,1,0,1,11.64
1,1,2,2,1,14.29
1,0,0,1,2,8.91
1,0,0,2,0,12.48
1,2,1,2,0,15.83
0,0,1,2,1,5.95
2,2,1,2,0,24.59
1,0,0,0,0,2.61
1,2,2,0,1,7.33
1,0,0,1,1,5.64
1,1,1,0,0,3.02
1,0,2,0,2,0.91
1,0,2,1,1,-0.88
2,1,0,0,2,19.18
2,0,1,0,0,4.42
1,1,0,1,1,11.88
2,0,2,1,2,13.5
0,2,0,1,1,7.41
1,2,0,2,0,12.09
0,0,1,2,2,4.67
0,0,1,1,0,-0.62
1,0,2,1,0,-1.83
2,2,0,1,1,20.85
0,0,0,2,2,8.62
1,2,0,2,0,22.43
0,1,2,0,0,-4.36
0,2,2,0,2,-2.8
0,2,1,1,0,6.78
0,1,1,2,0,8.73
2,2,1,2,2,24.76
0,0,0,2,2,12.23
0,0,0,1,2,7.64
0,2,1,0,2,4.83
2,0,0,1,1,16.4
0,2,1,0,2,2.08
0,0,2,0,1,-3.49
2,0,1,1,1,8.43
2,2,2,0,1,12.19
2,0,0,0,0,10.27
0,2,1,2,1,17.17
2,0,0,0,1,9.31
2,0,2,1,0,10.27
0,1,2,1,0,3.71
2,1,2,0,0,7.64
0,2,0,2,2,11.59
1,1,0,2,0,19.9
2,2,0,0,0,13.06
1,1,0,0,1,4.02
0,0,2,1,0,2.04
2,2,2,0,2,15.47
0,2,1,2,0,10.65
1,0,1,0,2,1.69
0,2,0,1,0,10.85
2,2,2,1,0,13.88
2,1,2,1,0,10.65
1,2,2,1,0,13.64
0,0,1,1,2,3.82
2,1,1,0,2,14.93
1,1,2,0,1,0.24
2,0,2,0,2,4.49
2,0,2,0,0,6.84
0,1,1,1,1,2.22
2,2,2,2,1,21.93
0,1,2,0,1,2.67
2,0,0,2,0,16.25
1,1,0,0,2,8.12
2,0,1,0,0,12.37
0,1,2,2,1,12.4
0,2,2,1,0,8.24
1,1,0,0,0,9.78
2,1,1,0,2,8.44
2,0,0,0,2,11.08
1,0,0,2,1,14.67
2,0,0,1,0,13.37
2,1,0,2,0,19.22
0,2,2,2,2,6.16
2,0,2,1,0,4.79
2,0,0,2,0,12.16
1,1,1,1,0,11.74
1,0,1,0,2,3.44
0,2,1,1,1,6.55
2,2,1,0,1,13.01
2,0,0,2,0,18.63
2,0,2,2,1,13.51
0,1,1,0,2,-3.02
0,2,0,2,2,16.74
1,2,1,1,1,13.91
0,0,1,0,1,-1.2
2,1,0,2,0,23.51
2,2,2,0,1,9.56
0,2,2,1,0,9.64
2,1,0,1,0,16.58
2,1,2,2,2,19.67
0,2,0,1,2,12.2
0,2,0,0,2,2.88
2,1,0,1,2,18.51
2,2,2,0,1,12.98
2,0,0,0,2,10.09
1,0,1,1,1,6.72
1,1,2,2,2,11.74
1,1,2,1,1,10.44
0,1,2,0,0,0.73
1,0,2,0,1,1.09
0,2,1,1,1,3.52
0,0,2,2,2,5.48
1,2,2,2,1,17.17
1,0,0,0,0,11.9
1,2,2,0,0,10.23
2,0,1,2,2,10.3
1,1,1,1,0,10.24
2,0,1,0,1,13.43
0,2,1,0,0,5.87
2,0,2,2,2,14.99
1,0,2,1,1,7.7
0,0,1,2,2,4.13
0,1,1,1,1,6.43
0,0,2,1,0,-0.75
2,1,1,1,2,14.94
1,1,0,0,2,10.49
0,0,1,2,1,3.22
0,0,1,2,2,9.86
0,0,0,1,1,2.73
2,2,0,0,1,16.78
2,0,2,0,1,1.8
1,1,2,2,1,14.16
2,0,0,0,0,14.34
0,2,0,0,1,4.46
1,0,2,1,2,1.67
0,2,1,0,0,4.83
0,2,0,1,2,14.36
2,0,2,2,0,9.65
1,1,1,0,1,2.68
2,2,0,2,0,22.64
2,0,1,2,0,13.54
1,0,2,0,2,-1.45
0,1,0,0,2,-3.28
0,2,1,2,1,13.77
1,2,0,0,0,12.02
0,0,1,1,0,-3.1
1,0,2,1,0,9.37
1,1,2,0,1,9.04
2,1,0,2,1,18.75
1,2,1,0,1,12.5
2,2,0,0,1,14.28
0,0,0,2,1,8.54
0,2,1,2,2,9.49
0,1,1,1,0,11.64
0,1,1,2,0,8.11
2,0,2,1,0,10.38
0,1,0,2,0,8.94
1,1,0,0,0,13.58
1,1,2,1,0,13.66
1,1,1,1,0,14.89
2,0,2,1,0,12.87
0,0,2,0,2,-5.87
0,2,2,0,0,4.48
0,1,0,0,2,2.98
2,2,2,0,1,15.94
1,0,0,0,0,8.35
1,0,0,1,1,7.05
0,0,0,0,1,2.84
1,0,1,1,1,9.05
1,0,0,0,2,-3.32
2,0,0,2,1,20.4
2,0,1,1,1,10.7
2,1,0,2,1,18.34
2,2,2,1,0,13.47
0,0,2,2,0,3.59
2,1,0,0,2,14.44
1,1,1,0,2,1.9
0,2,2,0,0,2.57
1,0,1,1,2,8.73
1,2,1,2,0,22.59
1,0,2,0,1,-2.23
2,1,1,2,1,17.95
2,1,2,2,2,17.78
0,1,1,0,0,4.44
0,1,2,0,0,-1.91
2,2,0,2,2,27.6
1,0,2,0,0,-4.81
0,0,2,0,1,-7.76
2,2,2,0,2,13.05
2,0,2,1,2,5.77
2,1,1,2,0,15.48
1,0,0,2,2,11.42
2,1,2,1,0,15.31
2,2,1,2,0,16.31
2,0,0,0,0,10.51
2,2,0,2,0,27.1
0,0,0,0,0,-0.58
0,1,0,1,2,5.89
2,2,2,0,1,13.21
1,0,2,2,1,8.42
0,1,1,2,2,13.17
2,2,1,2,2,18.67
0,2,1,1,1,7.85
0,0,0,1,1,4.62
1,0,0,2,1,11.86
2,0,2,0,1,-2.61
2,1,0,1,1,16.52
1,0,0,2,0,15.7
1,2,0,2,2,21.33
2,2,1,1,0,19.06
2,0,1,1,1,8.71
1,0,2,1,1,6.19
0,2,0,0,1,4.28
0,1,0,0,0,4.06
1,0,2,2,0,9.36
0,0,0,1,1,1.07
1,2,0,0,0,8.32
0,0,1,1,0,3.07
0,1,2,2,1,6.34
2,2,2,0,0,9.48
2,0,2,0,2,3.23
0,2,2,0,2,1.09
0,0,1,2,2,10.7
2,0,1,1,2,10.42
2,0,0,0,1,9.96
2,1,0,2,1,21.3
1,1,0,1,1,8.61
0,2,0,2,2,8.71
2,0,1,1,2,8.92
0,0,2,2,0,4.74
1,1,1,1,0,10.26
1,0,0,0,2,7.11
2,1,1,1,2,15.29
1,0,2,2,2,8.67
0,2,2,2,2,8.19
2,0,1,1,0,14.65
0,0,1,0,2,-4.76
0,1,1,0,0,-2.33
1,0,0,1,2,10.7
1,0,1,1,2,3.0
1,1,1,2,2,21.24
1,2,1,0,0,9.24
1,2,2,1,0,12.04
2,1,2,0,1,6.57
0,1,0,1,2,6.05
0,1,0,1,1,5.72
0,1,2,0,1,-2.63
0,1,2,1,0,4.9
1,2,2,1,0,9.65
0,2,1,2,1,15.05
2,1,1,1,2,22.99
2,0,2,1,0,9.11
0,1,1,1,2,5.46
0,0,1,2,2,7.14
2,1,0,0,1,18.43
2,1,2,2,1,16.75
1,2,2,2,1,12.51
2,0,1,0,1,4.2
1,0,2,2,0,8.83
1,2,0,0,0,9.65
1,2,0,2,1,25.03
1,2,0,0,0,16.31
1,2,2,1,1,7.9
0,0,2,2,2,1.87
2,0,2,2,2,14.22
1,1,2,2,2,16.19
2,1,2,2,1,17.17
2,2,0,1,2,18.06
1,2,1,2,0,16.82
0,2,0,1,2,8.11
1,1,2,1,2,9.81
0,1,0,1,2,4.87
2,1,2,1,0,11.47
0,1,2,0,1,2.49
0,1,0,0,0,0.69
0,1,2,2,1,2.66
2,1,1,0,1,11.28
2,2,2,0,2,10.92
0,2,1,2,1,13.53
0,2,1,2,0,12.95
1,2,2,2,0,14.9
0,1,0,0,1,2.82
1,0,1,0,2,0.79
0,1,0,2,2,11.25
1,0,1,1,0,9.64
2,2,2,2,2,17.08
0,1,2,1,1,2.98
0,2,1,1,1,11.12
0,1,2,2,0,8.52
0,2,1,2,1,15.93
1,0,2,2,0,7.3
0,0,0,0,1,-5.49
2,0,2,1,0,10.6
2,1,0,0,2,14.09
0,0,2,0,1,0.11
2,1,0,2,1,24.56
0,0,2,0,0,-2.39
0,0,0,2,0,10.3
2,1,1,1,1,14.42
0,1,1,2,0,5.34
2,0,0,0,1,10.35
1,1,2,0,2,6.95
0,0,0,2,0,9.97
1,1,2,2,1,14.5
2,2,1,0,2,12.72
1,2,2,1,2,10.2
1,2,1,1,1,14.45
2,2,2,2,0,18.36
1,2,2,1,1,9.45
1,0,2,0,2,1.89
2,2,0,2,1,26.28
1,2,0,0,0,10.4
2,2,1,0,2,10.51
1,2,1,1,1,10.79
2,1,0,2,0,21.61
2,0,1,2,2,16.57
1,2,0,1,0,15.72
1,2,2,0,2,8.56
1,2,1,0,1,9.02
0,0,1,0,0,-1.2
0,1,0,0,2,2.86
0,0,1,2,0,9.45
2,1,1,2,0,23.3
1,2,2,1,1,7.43
2,2,1,1,0,17.23
0,0,2,2,2,4.1
1,0,0,2,2,12.2
2,1,1,0,2,16.38
1,1,2,0,2,4.67
2,0,0,1,1,11.58
1,1,1,2,0,15.79
0,0,0,1,1,4.81
0,1,1,2,0,9.91
1,0,0,0,0,10.42
2,0,0,1,0,15.05
0,0,2,1,1,-0.91
0,1,0,2,0,5.13
0,1,1,0,1,0.5
1,1,1,1,2,13.92
1,0,2,0,2,0.73
2,1,1,1,0,8.28
2,1,1,0,1,9.5
2,0,1,2,2,18.98
1,2,0,1,1,16.64
1,0,0,1,1,6.48
2,1,1,0,0,9.3
2,0,2,0,2,4.77
1,2,0,1,0,13.01
2,0,2,2,0,7.91
0,1,1,0,2,3.29
1,2,1,0,2,12.77
2,1,0,0,1,8.44
1,2,1,1,2,16.73
0,2,0,1,1,9.69
1,0,1,1,1,10.68
1,0,1,1,1,7.11
1,1,0,2,2,16.41
1,0,0,2,0,14.12
0,0,0,1,1,1.63
1,2,1,2,0,20.58
1,0,1,0,0,-0.36
2,2,2,0,2,10.79
1,2,0,0,0,12.57
2,2,1,1,0,16.47
0,1,1,0,2,3.33
0,1,0,2,1,15.13
0,1,2,1,0,6.04
0,2,0,2,2,8.19
2,1,2,0,0,9.38
1,1,1,0,0,9.09
0,0,2,0,1,-7.95
1,1,1,1,0,12.17
2,1,0,2,2,23.0
2,2,0,1,0,16.36
2,2,0,1,1,22.5
0,2,2,0,1,2.82
1,2,1,1,2,14.95
1,2,0,1,1,12.1
1,2,0,0,0,11.45
2,1,1,1,1,9.89
0,2,0,0,2,-0.83
2,2,1,0,1,14.42
2,0,1,0,1,11.3
1,1,1,0,1,6.76
2,1,1,1,2,14.81
1,1,1,0,1,5.44
0,2,2,0,1,-0.83
1,2,0,1,0,14.33
0,2,2,1,2,7.27
1,0,0,2,1,11.69
2,2,2,1,2,18.25
2,0,1,1,1,12.59
0,1,0,2,1,11.95
0,2,0,1,1,12.67
0,0,2,1,0,-1.58
1,0,2,1,0,6.98
1,2,0,1,0,13.84
0,1,2,2,2,8.02
2,1,2,1,2,11.06
1,1,2,1,0,5.27
1,0,1,2,2,11.28
1,0,1,0,1,-2.66
0,0,2,2,1,3.11
0,0,2,0,1,-8.82
0,1,1,2,0,11.34
0,2,1,2,2,15.15
0,0,0,1,0,1.41
2,0,0,0,2,11.28
2,1,1,1,1,17.7
0,2,2,0,0,4.71
1,2,2,2,2,15.64
0,1,2,2,2,9.2
2,1,2,0,1,7.05
2,2,0,1,0,20.25
1,0,1,1,0,5.6
2,2,2,1,0,13.8
0,1,0,1,1,7.11
1,0,2,2,0,10.04
0,0,1,2,1,9.49
0,1,0,2,1,11.8
1,1,1,2,1,15.93
0,1,1,2,2,10.96
2,2,0,1,0,28.06
0,2,0,1,0,4.57
1,0,0,1,1,6.94
1,1,0,1,1,16.42
1,0,0,2,0,11.94
0,0,0,2,1,10.66
1,0,0,2,0,13.69
1,0,2,0,2,7.32
0,1,1,1,1,1.66
2,0,0,1,0,17.67
0,1,2,2,1,12.25
1,1,2,1,0,4.96
1,2,2,1,0,13.35
0,1,1,2,1,6.1
2,2,0,0,2,16.09
1,1,2,0,0,3.23
1,1,1,0,0,-1.21
1,1,1,2,0,15.27
0,2,1,1,2,8.43
1,2,2,2,2,19.44
2,0,0,2,1,19.83
